종목코드,종목명
KRX:005930,삼성전자
KRX:000660,SK하이닉스
KRX:005935,삼성전자우
KRX:005380,현대차
KRX:005490,POSCO
KRX:035420,NAVER
KRX:051910,LG화학
KRX:068270,셀트리온
KRX:105560,KB금융
KRX:207940,삼성바이오로직스
KRX:012330,현대모비스
KRX:032830,삼성생명
KRX:015760,한국전력
KRX:028260,삼성물산
KRX:055550,신한지주
KRX:017670,SK텔레콤
KRX:034730,SK
KRX:096770,SK이노베이션
KRX:051900,LG생활건강
KRX:090430,아모레퍼시픽
KRX:066570,LG전자
KRX:251270,넷마블게임즈
KRX:033780,KT&G
KRX:003550,LG
KRX:018260,삼성에스디에스
KRX:086790,하나금융지주
KRX:091990,셀트리온헬스케어
KRX:006400,삼성SDI
KRX:000270,기아차
KRX:010950,S-Oil
KRX:000810,삼성화재
KRX:011170,롯데케미칼
KRX:002790,아모레G
KRX:000030,우리은행
KRX:034220,LG디스플레이
KRX:035720,카카오
KRX:036570,엔씨소프트
KRX:010130,고려아연
KRX:024110,기업은행
KRX:030200,KT
KRX:004020,현대제철
KRX:009150,삼성전기
KRX:021240,코웨이
KRX:139480,이마트
KRX:018880,한온시스템
KRX:008930,한미사이언스
KRX:215600,신라젠
KRX:035250,강원랜드
KRX:161390,한국타이어
KRX:267250,현대로보틱스
KRX:128940,한미약품
KRX:006800,미래에셋대우
KRX:032640,LG유플러스
KRX:009540,현대중공업
KRX:088350,한화생명
KRX:078930,GS
KRX:023530,롯데쇼핑
KRX:009830,한화케미칼
KRX:086280,현대글로비스
KRX:001040,CJ
KRX:005830,DB손해보험
KRX:097950,CJ제일제당
KRX:004800,효성
KRX:004990,롯데지주
KRX:047810,한국항공우주
KRX:029780,삼성카드
KRX:079440,아이엔지생명
KRX:009240,한샘
KRX:271560,오리온
KRX:001450,현대해상
KRX:000720,현대건설
KRX:036460,한국가스공사
KRX:012750,에스원
KRX:002380,KCC
KRX:005940,NH투자증권
KRX:071050,한국금융지주
KRX:005387,현대차2우B
KRX:130960,CJ E&M
KRX:282330,BGF리테일
KRX:241560,두산밥캣
KRX:011070,LG이노텍
KRX:003490,대한항공
KRX:008770,호텔신라
KRX:000120,CJ대한통운
KRX:950160,티슈진(Reg.S)
KRX:016360,삼성증권
KRX:010060,OCI
KRX:000880,한화
KRX:011780,금호석유
KRX:007070,GS리테일
KRX:138930,BNK금융지주
KRX:012630,현대산업
KRX:263750,펄어비스
KRX:010140,삼성중공업
KRX:028670,팬오션
KRX:204320,만도
KRX:026960,동서
KRX:088980,맥쿼리인프라
KRX:004170,신세계
KRX:000210,대림산업
KRX:086900,메디톡스
KRX:016170,로엔
KRX:007310,오뚜기
KRX:008560,메리츠종금증권
KRX:084990,바이로메드
KRX:006280,녹십자
KRX:000060,메리츠화재
KRX:028050,삼성엔지니어링
KRX:000100,유한양행
KRX:047040,대우건설
KRX:069960,현대백화점
KRX:003670,포스코켐텍
KRX:145020,휴젤
KRX:006260,LS
KRX:030000,제일기획
KRX:047050,포스코대우
KRX:005385,현대차우
KRX:120110,코오롱인더
KRX:138040,메리츠금융지주
KRX:004370,농심
KRX:000150,두산
KRX:041960,코미팜
KRX:068760,셀트리온제약
KRX:034230,파라다이스
KRX:006360,GS건설
KRX:000670,영풍
KRX:010120,LS산전
KRX:069620,대웅제약
KRX:039490,키움증권
KRX:012450,한화테크윈
KRX:051915,LG화학우
KRX:042670,두산인프라코어
KRX:006120,SK케미칼
KRX:003410,쌍용양회
KRX:036490,SK머티리얼즈
KRX:005250,녹십자홀딩스
KRX:253450,스튜디오드래곤
KRX:051600,한전KPS
KRX:114090,GKL
KRX:161890,한국콜마
KRX:020150,일진머티리얼즈
KRX:139130,DGB금융지주
KRX:090435,아모레퍼시픽우
KRX:000240,한국타이어월드와이드
KRX:267270,현대건설기계
KRX:078340,컴투스
KRX:006650,대한유화
KRX:011790,SKC
KRX:011210,현대위아
KRX:010620,현대미포조선
KRX:004000,롯데정밀화학
KRX:000080,하이트진로
KRX:001800,오리온홀딩스
KRX:001740,SK네트웍스
KRX:034020,두산중공업
KRX:003520,영진약품
KRX:071840,롯데하이마트
KRX:192400,쿠쿠전자
KRX:042660,대우조선해양
KRX:064350,현대로템
KRX:079160,CJ CGV
KRX:046890,서울반도체
KRX:011200,현대상선
KRX:028300,에이치엘비
KRX:095700,제넥신
KRX:003240,태광산업
KRX:085660,차바이오텍
KRX:115390,락앤락
KRX:214320,이노션
KRX:005440,현대그린푸드
KRX:051905,LG생활건강우
KRX:057050,현대홈쇼핑
KRX:028150,GS홈쇼핑
KRX:035760,CJ오쇼핑
KRX:103140,풍산
KRX:111770,영원무역
KRX:017800,현대엘리베이
KRX:178920,SKC코오롱PI
KRX:056190,에스에프에이
KRX:069080,웹젠
KRX:181710,NHN엔터테인먼트
KRX:240810,원익IPS
KRX:005610,SPC삼립
KRX:079550,LIG넥스원
KRX:185750,종근당
KRX:009420,한올바이오파마
KRX:003690,코리안리
KRX:039030,이오테크닉스
KRX:022100,포스코 ICT
KRX:007390,네이처셀
KRX:192820,코스맥스
KRX:082640,동양생명
KRX:039130,하나투어
KRX:014820,동원시스템즈
KRX:003380,제일홀딩스
KRX:267260,현대일렉트릭
KRX:002350,넥센타이어
KRX:003090,대웅
KRX:036830,솔브레인
KRX:151910,나노스
KRX:180640,한진칼
KRX:006040,동원산업
KRX:098460,고영
KRX:200230,텔콘
KRX:003300,한일시멘트
KRX:226320,잇츠한불
KRX:010780,아이에스동서
KRX:001120,LG상사
KRX:005300,롯데칠성
KRX:105630,한세실업
KRX:108230,톱텍
KRX:005290,동진쎄미켐
KRX:003000,부광약품
KRX:066970,엘앤에프
KRX:001230,동국제강
KRX:001430,세아베스틸
KRX:000070,삼양홀딩스
KRX:081660,휠라코리아
KRX:069260,휴켐스
KRX:001680,대상
KRX:006840,AK홀딩스
KRX:089590,제주항공
KRX:200130,콜마비앤에이치
KRX:012510,더존비즈온
KRX:145990,삼양사
KRX:001440,대한전선
KRX:078160,메디포스트
KRX:020560,아시아나항공
KRX:175330,JB금융지주
KRX:214370,케어젠
KRX:093370,후성
KRX:051370,인터플렉스
KRX:000370,한화손해보험
KRX:093050,LF
KRX:008000,도레이케미칼
KRX:192080,더블유게임즈
KRX:052690,한전기술
KRX:049770,동원F&B
KRX:064760,티씨케이
KRX:115450,지트리비앤티
KRX:096530,씨젠
KRX:112040,위메이드
KRX:023590,다우기술
KRX:086520,에코프로
KRX:001060,JW중외제약
KRX:108670,LG하우시스
KRX:058470,리노공업
KRX:005850,에스엘
KRX:170900,동아에스티
KRX:048260,오스템임플란트
KRX:009410,태영건설
KRX:071320,지역난방공사
KRX:018670,SK가스
KRX:066575,LG전자우
KRX:108320,실리콘웍스
KRX:272450,진에어
KRX:102940,코오롱생명과학
KRX:058820,CMG제약
KRX:090460,비에이치
KRX:014680,한솔케미칼
KRX:034830,한국토지신탁
KRX:003230,삼양식품
KRX:020000,한섬
KRX:000640,동아쏘시오홀딩스
KRX:003470,유안타증권
KRX:009970,영원무역홀딩스
KRX:041510,에스엠
KRX:085620,미래에셋생명
KRX:002020,코오롱
KRX:007570,일양약품
KRX:095610,테스
KRX:241590,화승엔터프라이즈
KRX:065620,제낙스
KRX:145720,덴티움
KRX:042700,한미반도체
KRX:003540,대신증권
KRX:272290,이녹스첨단소재
KRX:003620,쌍용차
KRX:049950,미래컴퍼니
KRX:025540,한국단자
KRX:007460,나라케이아이씨
KRX:073240,금호타이어
KRX:024720,한국콜마홀딩스
KRX:019680,대교
KRX:064960,S&T모티브
KRX:271980,제일약품
KRX:017810,풀무원
KRX:123890,한국자산신탁
KRX:048530,인트론바이오
KRX:060980,한라홀딩스
KRX:036420,제이콘텐트리
KRX:036930,주성엔지니어링
KRX:079430,현대리바트
KRX:009450,경동나비엔
KRX:007700,F&F
KRX:089600,나스미디어
KRX:083790,크리스탈
KRX:005180,빙그레
KRX:002270,롯데푸드
KRX:053210,스카이라이프
KRX:029530,신도리코
KRX:004430,송원산업
KRX:280360,롯데제과
KRX:237880,클리오
KRX:192530,광주은행
KRX:038540,텍셀네트컴
KRX:080160,모두투어
KRX:063080,게임빌
KRX:121800,비덴트
KRX:058650,세아홀딩스
KRX:214450,파마리서치프로덕트
KRX:237690,에스티팜
KRX:030530,원익홀딩스
KRX:002240,고려제강
KRX:006730,서부T&D
KRX:213420,덕산네오룩스
KRX:003030,세아제강
KRX:144510,녹십자랩셀
KRX:031390,녹십자셀
KRX:005880,대한해운
KRX:084110,휴온스글로벌
KRX:006060,화승인더
KRX:210980,SK디앤디
KRX:086450,동국제약
KRX:033920,무학
KRX:243070,휴온스
KRX:000815,삼성화재우
KRX:161000,애경유화
KRX:037560,CJ헬로
KRX:001720,신영증권
KRX:041830,인바디
KRX:034310,NICE
KRX:138250,엔에스쇼핑
KRX:025860,남해화학
KRX:091700,파트론
KRX:072710,농심홀딩스
KRX:039840,디오
KRX:053800,안랩
KRX:267980,매일유업
KRX:030190,NICE평가정보
KRX:031430,신세계인터내셔날
KRX:000990,DB하이텍
KRX:004130,대덕GDS
KRX:032350,롯데관광개발
KRX:096760,JW홀딩스
KRX:039200,오스코텍
KRX:122870,와이지엔터테인먼트
KRX:008730,율촌화학
KRX:035600,KG이니시스
KRX:070960,용평리조트
KRX:033270,유나이티드제약
KRX:031440,신세계푸드
KRX:031980,피에스케이
KRX:003920,남양유업
KRX:064240,홈캐스트
KRX:087010,펩트론
KRX:004490,세방전지
KRX:027410,BGF
KRX:043150,바텍
KRX:005500,삼진제약
KRX:002960,한국쉘석유
KRX:025980,에머슨퍼시픽
KRX:034120,SBS
KRX:008060,대덕전자
KRX:265520,AP시스템
KRX:033290,코웰패션
KRX:168330,내츄럴엔도텍
KRX:052710,아모텍
KRX:041140,넥슨지티
KRX:082270,젬백스
KRX:112610,씨에스윈드
KRX:033240,자화전자
KRX:174900,앱클론
KRX:017390,서울가스
KRX:222040,뉴트리바이오텍
KRX:004690,삼천리
KRX:003530,한화투자증권
KRX:084370,유진테크
KRX:025770,한국정보통신
KRX:001520,동양
KRX:035900,JYP Ent.
KRX:009290,광동제약
KRX:092040,아미코젠
KRX:067080,대화제약
KRX:051500,CJ프레시웨이
KRX:065660,안트로젠
KRX:013120,동원개발
KRX:025900,동화기업
KRX:004380,삼익THK
KRX:206640,바디텍메드
KRX:023890,아트라스BX
KRX:001820,삼화콘덴서
KRX:249420,일동제약
KRX:005420,코스모화학
KRX:101530,해태제과식품
KRX:068240,다원시스
KRX:232140,와이아이케이
KRX:078020,이베스트투자증권
KRX:080420,모다이노칩
KRX:126560,현대에이치씨엔
KRX:002390,한독
KRX:074600,원익QnC
KRX:003800,에이스침대
KRX:025620,제이준코스메틱
KRX:101060,SBS미디어홀딩스
KRX:019210,와이지-원
KRX:036580,팜스코
KRX:011810,STX
KRX:016450,한세예스24홀딩스
KRX:032500,케이엠더블유
KRX:104830,원익머트리얼즈
KRX:241770,메카로
KRX:010170,대한광통신
KRX:003850,보령제약
KRX:141080,레고켐바이오
KRX:019170,신풍제약
KRX:260930,씨티케이코스메틱스
KRX:005810,풍산홀딩스
KRX:016580,환인제약
KRX:100120,뷰웍스
KRX:00088K,한화3우B
KRX:119610,인터로조
KRX:030520,한글과컴퓨터
KRX:014830,유니드
KRX:281820,케이씨텍
KRX:000250,삼천당제약
KRX:005720,넥센
KRX:033660,아주캐피탈
KRX:191420,테고사이언스
KRX:183490,엔지켐생명과학
KRX:032190,다우데이타
KRX:010955,S-Oil우
KRX:015350,부산가스
KRX:044490,태웅
KRX:001725,신영증권우
KRX:003220,대원제약
KRX:002795,아모레G우
KRX:200670,휴메딕스
KRX:199800,툴젠
KRX:017940,E1
KRX:015750,성우하이텍
KRX:000400,롯데손해보험
KRX:007690,국도화학
KRX:016800,퍼시스
KRX:115960,연우
KRX:000050,경방
KRX:036630,세종텔레콤
KRX:049960,쎌바이오텍
KRX:001510,SK증권
KRX:008490,서흥
KRX:136490,선진
KRX:183190,아세아시멘트
KRX:092730,네오팜
KRX:255440,야스
KRX:038290,마크로젠
KRX:004710,한솔테크닉스
KRX:089030,테크윙
KRX:037710,광주신세계
KRX:035810,이지바이오
KRX:041190,우리기술투자
KRX:084690,대상홀딩스
KRX:023410,유진기업
KRX:065160,에프티이앤이
KRX:003560,IHQ
KRX:053030,바이넥스
KRX:039440,에스티아이
KRX:079980,휴비스
KRX:003060,에이프로젠제약
KRX:097230,한진중공업
KRX:066700,테라젠이텍스
KRX:001630,종근당홀딩스
KRX:102460,이연제약
KRX:203690,프로스테믹스
KRX:102710,이엔에프테크놀로지
KRX:067290,JW신약
KRX:054950,제이브이엠
KRX:007820,에스엠코어
KRX:218410,RFHIC
KRX:140410,메지온
KRX:251630,브이원텍
KRX:003120,일성신약
KRX:005690,파미셀
KRX:016100,리더스코스메틱
KRX:094800,맵스리얼티1
KRX:241710,코스메카코리아
KRX:166090,하나머티리얼즈
KRX:016250,이테크건설
KRX:099190,아이센스
KRX:000480,조선내화
KRX:007160,사조산업
KRX:104700,한국철강
KRX:234080,JW생명과학
KRX:002990,금호산업
KRX:000540,흥국화재
KRX:002000,한국유리
KRX:038500,삼표시멘트
KRX:086980,쇼박스
KRX:063570,한국전자금융
KRX:025000,KPX케미칼
KRX:001200,유진투자증권
KRX:007720,대명코퍼레이션
KRX:002250,알보젠코리아
KRX:100130,동국S&C
KRX:214420,토니모리
KRX:011930,신성이엔지
KRX:001390,KG케미칼
KRX:152330,코리아오토글라스
KRX:122990,와이솔
KRX:213500,한솔제지
KRX:036540,SFA반도체
KRX:024660,하림홀딩스
KRX:025320,시노펙스
KRX:060250,NHN한국사이버결제
KRX:029460,케이씨
KRX:095570,AJ네트웍스
KRX:023160,태광
KRX:030610,교보증권
KRX:042520,한스바이오메드
KRX:122900,아이마켓코리아
KRX:217480,에스디생명공학
KRX:000155,두산우
KRX:215360,우리산업
KRX:052260,SK바이오랜드
KRX:044820,코스맥스비티아이
KRX:214390,경보제약
KRX:007340,디티알오토모티브
KRX:228850,레이언스
KRX:001500,현대차투자증권
KRX:108790,인터파크
KRX:007810,코리아써키트
KRX:057500,SKC 솔믹스
KRX:123100,테라세미콘
KRX:018000,유니슨
KRX:002320,한진
KRX:060720,KH바텍
KRX:214180,민앤지
KRX:013030,하이록코리아
KRX:225570,넷게임즈
KRX:009680,모토닉
KRX:040350,큐로컴
KRX:006380,카프로
KRX:002810,삼영무역
KRX:268280,미원에스씨
KRX:011040,경동제약
KRX:138490,코오롱플라스틱
KRX:078520,에이블씨엔씨
KRX:155650,와이엠씨
KRX:196170,알테오젠
KRX:060280,큐렉소
KRX:078150,HB테크놀러지
KRX:272550,삼양패키징
KRX:014620,성광벤드
KRX:123690,한국화장품
KRX:217270,넵튠
KRX:046210,파나진
KRX:007210,벽산
KRX:009580,무림P&P
KRX:082920,비츠로셀
KRX:067390,아스트
KRX:192440,슈피겐코리아
KRX:215000,골프존
KRX:001130,대한제분
KRX:027050,코리아나
KRX:095660,네오위즈
KRX:136480,하림
KRX:114570,지스마트글로벌
KRX:195870,해성디에스
KRX:001940,KISCO홀딩스
KRX:000020,동화약품
KRX:002780,진흥기업
KRX:005070,코스모신소재
KRX:092230,KPX홀딩스
KRX:085370,루트로닉
KRX:086390,유니테스트
KRX:048550,SM C&C
KRX:004700,조광피혁
KRX:082740,두산엔진
KRX:200880,서연이화
KRX:077500,유니퀘스트
KRX:018120,진로발효
KRX:160550,NEW
KRX:060570,아이리버
KRX:004970,신라교역
KRX:003200,일신방직
KRX:095340,ISC
KRX:011760,현대상사
KRX:052330,코텍
KRX:029960,코엔텍
KRX:001270,부국증권
KRX:005680,삼영전자
KRX:123420,선데이토즈
KRX:090470,제이스텍
KRX:064260,다날
KRX:091120,이엠텍
KRX:006390,현대시멘트
KRX:011690,유양디앤유
KRX:036890,진성티이씨
KRX:078600,대주전자재료
KRX:004870,티웨이홀딩스
KRX:001780,알루코
KRX:033160,엠케이전자
KRX:015860,일진홀딩스
KRX:141000,비아트론
KRX:102260,동성코퍼레이션
KRX:194510,파티게임즈
KRX:036190,금화피에스시
KRX:060150,인선이엔티
KRX:201490,미투온
KRX:002030,아세아
KRX:045100,한양이엔지
KRX:095720,웅진씽크빅
KRX:143240,사람인에이치알
KRX:095270,웨이브일렉트로
KRX:004360,세방
KRX:086890,이수앱지스
KRX:003070,코오롱글로벌
KRX:036530,S&T홀딩스
KRX:140670,알에스오토메이션
KRX:004960,한신공영
KRX:000490,대동공업
KRX:023910,대한약품
KRX:034950,한국기업평가
KRX:065060,지엔코
KRX:046440,KG모빌리언스
KRX:003545,대신증권우
KRX:016380,동부제철
KRX:003570,S&T중공업
KRX:900100,뉴프라이드
KRX:182400,에이티젠
KRX:214150,클래시스
KRX:017960,한국카본
KRX:039570,아이콘트롤스
KRX:222800,심텍
KRX:043610,지니뮤직
KRX:036030,KTH
KRX:011370,서한
KRX:010050,우리종금
KRX:000860,강남제비스코
KRX:180400,엠지메드
KRX:054050,농우바이오
KRX:027390,한화갤러리아타임월드
KRX:115180,큐리언트
KRX:084010,대한제강
KRX:001250,GS글로벌
KRX:081000,일진다이아
KRX:012610,경인양행
KRX:206560,덱스터
KRX:900290,GRT
KRX:005950,이수화학
KRX:000430,대원강업
KRX:000140,하이트진로홀딩스
KRX:900140,코라오홀딩스
KRX:036800,나이스정보통신
KRX:178320,서진시스템
KRX:000680,LS네트웍스
KRX:035080,인터파크홀딩스
KRX:044340,위닉스
KRX:123860,아나패스
KRX:060590,씨티씨바이오
KRX:040910,아이씨디
KRX:067630,에이치엘비생명과학
KRX:003350,한국화장품제조
KRX:001880,삼호
KRX:015360,예스코
KRX:166480,코아스템
KRX:121440,골프존뉴딘
KRX:068400,AJ렌터카
KRX:005740,크라운해태홀딩스
KRX:137940,넥스트아이
KRX:233990,하우동천
KRX:185490,아이진
KRX:183300,코미코
KRX:229500,노브메타파마
KRX:122640,예스티
KRX:043370,평화정공
KRX:067160,아프리카TV
KRX:115160,휴맥스
KRX:144960,뉴파워프라즈마
KRX:030210,KTB투자증권
KRX:171120,라이온켐텍
KRX:089470,현대EP
KRX:210540,디와이파워
KRX:000320,노루홀딩스
KRX:035890,서희건설
KRX:005960,동부건설
KRX:220630,해마로푸드서비스
KRX:071200,인피니트헬스케어
KRX:001790,대한제당
KRX:103130,웅진에너지
KRX:215790,이노인스트루먼트
KRX:005990,매일홀딩스
KRX:047310,파워로직스
KRX:020760,일진디스플
KRX:246720,아스타
KRX:005160,동국산업
KRX:217730,강스템바이오텍
KRX:002450,삼익악기
KRX:091090,세원셀론텍
KRX:005389,현대차3우B
KRX:004150,한솔홀딩스
KRX:073070,넥센테크
KRX:036000,예림당
KRX:005090,삼광글라스
KRX:109740,디에스케이
KRX:225530,보광산업
KRX:006490,인스코비
KRX:044450,KSS해운
KRX:071055,한국금융지주우
KRX:089980,상아프론테크
KRX:043580,에임하이
KRX:069110,코스온
KRX:052420,오성엘에스티
KRX:000970,한국주철관
KRX:033640,네패스
KRX:094480,갤럭시아컴즈
KRX:140860,파크시스템스
KRX:038060,루멘스
KRX:036120,SCI평가정보
KRX:077970,STX엔진
KRX:097955,CJ제일제당 우
KRX:083310,엘오티베큠
KRX:161580,필옵틱스
KRX:041590,젬백스테크놀러지
KRX:008040,사조동아원
KRX:052790,액토즈소프트
KRX:067830,세이브존I&C
KRX:143210,핸즈코퍼레이션
KRX:019550,SBI인베스트먼트
KRX:054670,대한뉴팜
KRX:064550,바이오니아
KRX:046140,SBS콘텐츠허브
KRX:053610,프로텍
KRX:036200,유니셈
KRX:168490,한국패러랠
KRX:060240,룽투코리아
KRX:067280,멀티캠퍼스
KRX:004250,NPC
KRX:031330,에스에이엠티
KRX:000390,삼화페인트
KRX:074430,아미노로직스
KRX:052400,코나아이
KRX:187420,제노포커스
KRX:049180,셀루메드
KRX:013990,아가방컴퍼니
KRX:950110,SBI핀테크솔루션즈
KRX:229640,LS전선아시아
KRX:001460,BYC
KRX:014200,광림
KRX:126700,하이비젼시스템
KRX:037950,엘컴텍
KRX:138690,엘아이에스
KRX:005430,한국공항
KRX:131290,티에스이
KRX:002460,화성산업
KRX:077360,덕산하이메탈
KRX:002630,오리엔트바이오
KRX:064800,필링크
KRX:012690,모나리자
KRX:049070,인탑스
KRX:097520,엠씨넥스
KRX:078890,가온미디어
KRX:004060,SG세계물산
KRX:060300,레드로버
KRX:121600,나노신소재
KRX:000180,성창기업지주
KRX:192410,감마누
KRX:053300,한국정보인증
KRX:092200,디아이씨
KRX:086960,한컴MDS
KRX:001360,삼성제약
KRX:007630,암니스
KRX:011160,두산건설
KRX:104480,티케이케미칼
KRX:001380,SG충방
KRX:004560,현대비앤지스틸
KRX:021320,KCC건설
KRX:079370,제우스
KRX:097780,에스맥
KRX:119860,다나와
KRX:023900,풍국주정
KRX:054780,키이스트
KRX:216050,인크로스
KRX:018310,삼목에스폼
KRX:033320,제이씨현시스템
KRX:011280,태림포장
KRX:003460,유화증권
KRX:225190,삼양옵틱스
KRX:002840,미원상사
KRX:239610,에이치엘사이언스
KRX:160980,싸이맥스
KRX:900260,로스웰
KRX:096775,SK이노베이션우
KRX:264900,크라운제과
KRX:007660,이수페타시스
KRX:142760,바이오리더스
KRX:025440,대성엘텍
KRX:109960,에이프로젠 H&G
KRX:900300,오가닉티코스메틱
KRX:039560,다산네트웍스
KRX:048410,현대아이비티
KRX:900270,헝셩그룹
KRX:090350,노루페인트
KRX:114810,아이원스
KRX:007860,서연
KRX:026890,디피씨
KRX:007980,태평양물산
KRX:204990,현성바이탈
KRX:900310,컬러레이
KRX:118990,모트렉스
KRX:019440,세아특수강
KRX:128820,대성산업
KRX:194370,제이에스코퍼레이션
KRX:001045,CJ우
KRX:008700,아남전자
KRX:016610,DB금융투자
KRX:088800,에이스테크
KRX:092130,이크레더블
KRX:013570,디와이
KRX:204620,글로벌텍스프리
KRX:058430,포스코강판
KRX:016880,웅진
KRX:041440,에버다임
KRX:005945,NH투자증권우
KRX:267290,경동도시가스
KRX:000700,유수홀딩스
KRX:057680,옴니텔
KRX:103590,일진전기
KRX:035000,지투알
KRX:035150,백산
KRX:002600,조흥
KRX:067170,오텍
KRX:194480,데브시스터즈
KRX:083640,인콘
KRX:236200,슈프리마
KRX:013520,화승알앤에이
KRX:002150,도화엔지니어링
KRX:200780,비씨월드제약
KRX:225330,씨엠에스에듀
KRX:100250,진양홀딩스
KRX:043090,팜스웰바이오
KRX:248170,샘표식품
KRX:117580,대성에너지
KRX:003555,LG우
KRX:084870,TBH글로벌
KRX:050890,쏠리드
KRX:149940,모다
KRX:089140,넥스턴
KRX:004890,동일산업
KRX:002310,아세아제지
KRX:096690,제이스테판
KRX:073560,우리손에프앤지
KRX:067000,조이시티
KRX:017900,광전자
KRX:038880,아이에이
KRX:041650,상신브레이크
KRX:003160,디아이
KRX:013870,지엠비코리아
KRX:001540,안국약품
KRX:004650,창해에탄올
KRX:100700,세운메디칼
KRX:065650,메디프론
KRX:117670,알파홀딩스
KRX:054800,아이디스홀딩스
KRX:205500,액션스퀘어
KRX:012700,리드코프
KRX:084680,이월드
KRX:000230,일동홀딩스
KRX:004440,대림씨엔에스
KRX:005390,신성통상
KRX:002620,제일파마홀딩스
KRX:050110,캠시스
KRX:005870,휴니드
KRX:109610,에스와이패널
KRX:065510,휴비츠
KRX:067990,도이치모터스
KRX:002360,SH에너지화학
KRX:032620,유비케어
KRX:243840,신흥에스이씨
KRX:060560,홈센타홀딩스
KRX:094850,참좋은여행
KRX:010820,퍼스텍
KRX:241820,피씨엘
KRX:006405,삼성SDI우
KRX:131370,알서포트
KRX:013580,계룡건설
KRX:017890,한국알콜
KRX:006220,제주은행
KRX:063170,서울옥션
KRX:171090,선익시스템
KRX:035610,솔본
KRX:100220,비상교육
KRX:021080,에이티넘인베스트
KRX:068790,DMS
KRX:069640,한세엠케이
KRX:092070,디엔에프
KRX:004540,깨끗한나라
KRX:021820,세원정공
KRX:214430,아이쓰리시스템
KRX:102280,쌍방울
KRX:093920,서원인텍
KRX:015890,태경산업
KRX:090360,로보스타
KRX:003830,대한화섬
KRX:052020,에스티큐브
KRX:005710,대원산업
KRX:099320,쎄트렉아이
KRX:082210,옵트론텍
KRX:014790,한라
KRX:263600,덕우전자
KRX:033530,세종공업
KRX:017180,명문제약
KRX:131390,피앤이솔루션
KRX:004840,DRB동일
KRX:094280,효성ITX
KRX:017370,우신시스템
KRX:041910,에스텍파마
KRX:151860,KG ETS
KRX:010690,화신
KRX:900250,크리스탈신소재
KRX:003650,미창석유
KRX:053450,세코닉스
KRX:092220,KEC
KRX:055490,테이팩스
KRX:241690,유니테크노
KRX:012200,계양전기
KRX:009270,신원
KRX:039860,나노엔텍
KRX:079970,투비소프트
KRX:014470,부방
KRX:251370,와이엠티
KRX:222110,팬젠
KRX:088130,동아엘텍
KRX:096630,에스코넥
KRX:031510,오스템
KRX:053350,이니텍
KRX:092440,기신정기
KRX:003960,사조대림
KRX:058610,에스피지
KRX:230360,에코마케팅
KRX:064090,에프앤리퍼블릭
KRX:041460,한국전자인증
KRX:030960,양지사
KRX:024090,디씨엠
KRX:049080,기가레인
KRX:066980,브레인콘텐츠
KRX:075180,새론오토모티브
KRX:144620,코오롱머티리얼
KRX:087260,모바일어플라이언스
KRX:014100,보령메디앙스
KRX:035510,신세계 I&C
KRX:282690,동아타이어
KRX:016590,신대양제지
KRX:033500,동성화인텍
KRX:022220,정산애강
KRX:206650,유바이오로직스
KRX:193250,와이제이엠게임즈
KRX:025560,미래산업
KRX:136540,윈스
KRX:024810,이화전기
KRX:014280,금강공업
KRX:196300,애니젠
KRX:049520,유아이엘
KRX:015710,코콤
KRX:090710,디에스티로봇
KRX:056080,유진로봇
KRX:037460,삼지전자
KRX:020710,시공테크
KRX:074610,이엔쓰리
KRX:092870,엑시콘
KRX:140070,서플러스글로벌
KRX:036560,영풍정밀
KRX:208640,썸에이지
KRX:176560,포인트엔지니어링
KRX:205100,엑셈
KRX:234300,에스트래픽
KRX:004980,성신양회
KRX:034940,조아제약
KRX:063760,이엘피
KRX:028100,동아지질
KRX:005800,신영와코루
KRX:215200,메가스터디교육
KRX:122450,KMH
KRX:264450,유비쿼스
KRX:066620,국보디자인
KRX:073490,이노와이어리스
KRX:038390,레드캡투어
KRX:008290,원풍물산
KRX:009155,삼성전기우
KRX:102120,어보브반도체
KRX:131030,디에이치피코리아
KRX:001470,삼부토건
KRX:000650,천일고속
KRX:058400,KNN
KRX:004720,우리들제약
KRX:009320,대우부품
KRX:072470,우리산업홀딩스
KRX:011320,유니크
KRX:023000,삼원강재
KRX:227840,현대코퍼레이션홀딩스
KRX:011560,세보엠이씨
KRX:152550,한국ANKOR유전
KRX:130660,한전산업
KRX:033560,블루콤
KRX:034590,인천도시가스
KRX:009310,참엔지니어링
KRX:030790,동양네트웍스
KRX:065680,우주일렉트로
KRX:051360,토비스
KRX:004910,조광페인트
KRX:006370,대구백화점
KRX:012030,DB
KRX:016600,큐캐피탈
KRX:011000,진원생명과학
KRX:093190,빅솔론
KRX:002210,동성제약
KRX:104540,코렌텍
KRX:054450,텔레칩스
KRX:072020,중앙백신
KRX:045390,대아티아이
KRX:134380,미원화학
KRX:02826K,삼성물산우B
KRX:032560,황금에스티
KRX:101330,모베이스
KRX:002100,경농
KRX:016710,대성홀딩스
KRX:011700,한신기계
KRX:088390,이녹스
KRX:222420,쎄노텍
KRX:950130,엑세스바이오
KRX:156100,엘앤케이바이오
KRX:071670,에이테크솔루션
KRX:072870,메가스터디
KRX:221840,하이즈항공
KRX:203650,드림시큐리티
KRX:040160,누리텔레콤
KRX:024950,삼천리자전거
KRX:211270,AP위성
KRX:001530,동일방직
KRX:004200,고려개발
KRX:000215,대림산업우
KRX:065350,신성델타테크
KRX:035620,바른손이앤에이
KRX:059090,미코
KRX:004310,현대약품
KRX:067310,하나마이크론
KRX:006090,사조오양
KRX:238490,힘스
KRX:003100,선광
KRX:053950,경남제약
KRX:052290,트레이스
KRX:009470,삼화전기
KRX:000850,화천기공
KRX:016090,대현
KRX:002170,삼양통상
KRX:130580,나이스디앤비
KRX:069510,에스텍
KRX:950140,잉글우드랩
KRX:036090,위지트
KRX:104200,NHN벅스
KRX:003480,한진중공업홀딩스
KRX:061970,엘비세미콘
KRX:042420,네오위즈홀딩스
KRX:080000,에스엔유
KRX:003080,성보화학
KRX:018500,동원금속
KRX:204840,지엘팜텍
KRX:083930,아바코
KRX:009160,SIMPAC
KRX:001340,백광산업
KRX:149950,아바텍
KRX:034810,해성산업
KRX:017040,광명전기
KRX:900040,차이나그레이트
KRX:142280,녹십자엠에스
KRX:068290,삼성출판사
KRX:238090,앤디포스
KRX:007680,대원
KRX:134780,화진
KRX:006910,보성파워텍
KRX:027710,팜스토리
KRX:042040,케이피엠테크
KRX:015230,대창단조
KRX:043200,파루
KRX:078000,텔코웨어
KRX:009440,KC그린홀딩스
KRX:002800,신신제약
KRX:040420,정상제이엘에스
KRX:071970,STX중공업
KRX:037270,YG PLUS
KRX:014530,극동유화
KRX:095500,미래나노텍
KRX:036010,아비코전자
KRX:039830,오로라
KRX:228760,지노믹트리
KRX:012170,키위미디어그룹
KRX:025750,한솔홈데코
KRX:100840,S&TC
KRX:011785,금호석유우
KRX:032790,엠젠플러스
KRX:006125,SK케미칼우
KRX:047080,한빛소프트
KRX:108380,대양전기공업
KRX:107590,미원홀딩스
KRX:048870,시너지이노베이션
KRX:080220,제주반도체
KRX:011090,에넥스
KRX:063160,종근당바이오
KRX:010960,삼호개발
KRX:075580,세진중공업
KRX:002300,한국제지
KRX:033170,시그네틱스
KRX:096240,청담러닝
KRX:137400,피엔티
KRX:122350,삼기오토모티브
KRX:900080,에스앤씨엔진그룹
KRX:047770,코데즈컴바인
KRX:053980,오상자이엘
KRX:083450,GST
KRX:078140,대봉엘에스
KRX:046070,코다코
KRX:042370,비츠로테크
KRX:224060,코디엠
KRX:004450,삼화왕관
KRX:189300,인텔리안테크
KRX:078070,유비쿼스홀딩스
KRX:173940,에프엔씨엔터
KRX:016740,두올
KRX:220100,퓨쳐켐
KRX:008350,남선알미늄
KRX:065130,탑엔지니어링
KRX:026180,현대정보기술
KRX:002900,동양물산
KRX:005750,대림B&Co
KRX:005010,휴스틸
KRX:111110,호전실업
KRX:052770,와이디온라인
KRX:111820,지와이커머스
KRX:036810,에프에스티
KRX:069410,엔텔스
KRX:064520,바른전자
KRX:007330,푸른저축은행
KRX:068330,일신바이오
KRX:049480,오픈베이스
KRX:259630,엠플러스
KRX:038160,팍스넷
KRX:033100,제룡전기
KRX:014710,사조씨푸드
KRX:004780,대륙제관
KRX:139050,아이지스시스템
KRX:012160,영흥철강
KRX:024890,대원화성
KRX:084730,팅크웨어
KRX:065150,MP그룹
KRX:034300,신세계건설
KRX:111870,삼본정밀전자
KRX:204630,화이브라더스코리아
KRX:037350,성도이엔지
KRX:058860,케이티스
KRX:009300,삼아제약
KRX:067370,선바이오
KRX:101160,월덱스
KRX:123840,한일진공
KRX:088910,동우팜투테이블
KRX:086040,바이오톡스텍
KRX:002230,피에스텍
KRX:108860,셀바스AI
KRX:170920,엘티씨
KRX:009770,삼정펄프
KRX:001570,금양
KRX:179900,유티아이
KRX:027830,대성창투
KRX:227610,아우딘퓨쳐스
KRX:085810,알티캐스트
KRX:011150,CJ씨푸드
KRX:048910,대원미디어
KRX:220260,켐트로스
KRX:120030,조선선재
KRX:038870,에코바이오
KRX:053620,태양
KRX:047400,유니온머티리얼
KRX:163560,동일고무벨트
KRX:053110,소리바다
KRX:085310,엔케이
KRX:083650,비에이치아이
KRX:219550,MP한강
KRX:043650,국순당
KRX:023760,한국캐피탈
KRX:147830,제룡산업
KRX:004080,신흥
KRX:009200,무림페이퍼
KRX:071460,대유위니아
KRX:094970,제이엠티
KRX:101000,디엠씨
KRX:080520,오디텍
KRX:123410,코리아에프티
KRX:058730,동아에스텍
KRX:079950,인베니아
KRX:012320,경동인베스트
KRX:007590,동방아그로
KRX:095910,에스에너지
KRX:061250,화일약품
KRX:126600,코프라
KRX:026040,제이에스티나
KRX:040610,SG&G
KRX:035290,더블유에프엠
KRX:005980,성지건설
KRX:228340,동양파일
KRX:042510,라온시큐어
KRX:007110,일신석재
KRX:053690,한미글로벌
KRX:012800,대창
KRX:002700,신일산업
KRX:147760,마이크로프랜드
KRX:099440,스맥
KRX:056730,포스링크
KRX:079190,EMW
KRX:043340,에쎈테크
KRX:023600,삼보판지
KRX:900120,씨케이에이치
KRX:050120,라이브플렉스
KRX:241520,DSC인베스트먼트
KRX:036670,KCI
KRX:019685,대교우B
KRX:036690,코맥스
KRX:033180,필룩스
KRX:002820,선창산업
KRX:032800,판타지오
KRX:014440,영보화학
KRX:120115,코오롱인더우
KRX:217600,켐온
KRX:192250,케이사인
KRX:060370,KT서브마린
KRX:058850,KTcs
KRX:002880,대유에이텍
KRX:003280,흥아해운
KRX:032850,비트컴퓨터
KRX:900280,골든센츄리
KRX:265560,영화테크
KRX:053700,삼보모터스
KRX:001750,한양증권
KRX:053280,예스24
KRX:079960,동양이엔피
KRX:053590,한국테크놀로지
KRX:000890,보해양조
KRX:008600,윌비스
KRX:058630,엠게임
KRX:000500,가온전선
KRX:091580,상신이디피
KRX:057540,옴니시스템
KRX:042600,새로닉스
KRX:056090,유앤아이
KRX:078130,국일제지
KRX:048430,유라테크
KRX:069920,아이에스이커머스
KRX:101730,조이맥스
KRX:012790,신일제약
KRX:093240,형지엘리트
KRX:061040,알에프텍
KRX:009520,포스코엠텍
KRX:094170,동운아나텍
KRX:220250,카이노스메드
KRX:043290,케이맥
KRX:234920,자이글
KRX:131970,테스나
KRX:100090,삼강엠앤티
KRX:225650,쿠첸
KRX:018680,서울제약
KRX:006660,삼성공조
KRX:066360,체리부로
KRX:002720,국제약품
KRX:250000,보라티알
KRX:023800,인지컨트롤스
KRX:047820,초록뱀
KRX:006980,우성사료
KRX:001840,이화공영
KRX:090730,SIMPAC Metal
KRX:036170,씨티엘
KRX:138080,오이솔루션
KRX:03473K,SK우
KRX:000590,CS홀딩스
KRX:049630,재영솔루텍
KRX:033230,인성정보
KRX:065450,빅텍
KRX:084650,랩지노믹스
KRX:092600,넥스트칩
KRX:002920,유성기업
KRX:091970,나노캠텍
KRX:200710,에이디테크놀로지
KRX:054210,이랜텍
KRX:217820,엔에스
KRX:045970,코아시아홀딩스
KRX:096640,멜파스
KRX:067570,엔브이에이치코리아
KRX:241790,오션브릿지
KRX:054620,APS홀딩스
KRX:017510,세명전기
KRX:009780,엠에스씨
KRX:208370,셀바스헬스케어
KRX:045660,에이텍
KRX:129260,인터지스
KRX:045520,크린앤사이언스
KRX:014160,대영포장
KRX:024800,유성티엔에스
KRX:114120,크루셜텍
KRX:052860,아이앤씨
KRX:065560,녹원씨아이
KRX:036180,영인프런티어
KRX:263720,디앤씨미디어
KRX:138580,비즈니스온
KRX:008250,이건산업
KRX:161570,미동앤씨네마
KRX:115310,인포바인
KRX:004410,서울식품
KRX:222080,씨아이에스
KRX:208350,지란지교시큐리티
KRX:049430,코메론
KRX:005190,동성화학
KRX:040300,YTN
KRX:001290,골든브릿지증권
KRX:084670,동양고속
KRX:004770,써니전자
KRX:038680,에스넷
KRX:007540,샘표
KRX:106190,하이텍팜
KRX:043710,서울리거
KRX:039340,한국경제TV
KRX:003547,대신증권2우B
KRX:065940,바이오빌
KRX:018290,지엠피
KRX:175140,인포마크
KRX:101490,에스앤에스텍
KRX:123330,제닉
KRX:068930,디지털대성
KRX:083420,KPX그린케미칼
KRX:006805,미래에셋대우우
KRX:059120,아진엑스텍
KRX:223310,이에스브이
KRX:090370,아비스타
KRX:049800,우진플라임
KRX:195990,유지인트
KRX:019660,글로본
KRX:041520,이라이콤
KRX:038460,바이오스마트
KRX:003580,동원
KRX:126870,뉴로스
KRX:214270,퓨쳐스트림네트웍스
KRX:106240,파인테크닉스
KRX:112240,에스에프씨
KRX:003610,방림
KRX:134790,팀스
KRX:037370,EG
KRX:263810,상신전자
KRX:187220,디티앤씨
KRX:105840,우진
KRX:041920,메디아나
KRX:155660,DSR
KRX:054040,한국컴퓨터
KRX:039980,리노스
KRX:037070,파세코
KRX:011420,갤럭시아에스엠
KRX:033110,이디
KRX:008260,NI스틸
KRX:001070,대한방직
KRX:004270,남성
KRX:047920,씨트리
KRX:042110,에스씨디
KRX:073110,엘엠에스
KRX:066910,손오공
KRX:140520,대창스틸
KRX:056360,코위버
KRX:036710,심텍홀딩스
KRX:046120,오르비텍
KRX:039290,인포뱅크
KRX:059210,메타바이오메드
KRX:087600,픽셀플러스
KRX:046110,한일네트웍스
KRX:039010,현대통신
KRX:049470,SGA
KRX:043100,솔고바이오
KRX:118000,우리들휴브레인
KRX:006570,대림통상
KRX:048770,TPC
KRX:032960,동일기연
KRX:079650,서산
KRX:018470,조일알미늄
KRX:207760,미스터블루
KRX:214870,에치디프로
KRX:065950,웰크론
KRX:076610,해성옵틱스
KRX:079660,사조해표
KRX:081970,넥스지
KRX:079940,가비아
KRX:027040,서울전자통신
KRX:005860,한일사료
KRX:014570,고려제약
KRX:080010,이상네트웍스
KRX:177350,베셀
KRX:065530,전파기지국
KRX:160600,에스엔텍
KRX:071280,로체시스템즈
KRX:196490,디에이테크놀로지
KRX:060310,3S
KRX:137950,제이씨케미칼
KRX:024120,KB오토시스
KRX:143160,아이디스
KRX:000220,유유제약
KRX:038070,서린바이오
KRX:127710,아시아경제
KRX:008970,동양철관
KRX:065570,삼영이엔씨
KRX:003310,대주산업
KRX:013310,아진산업
KRX:214680,디알텍
KRX:058220,아리온
KRX:069730,DSR제강
KRX:049120,파인디앤씨
KRX:023450,동남합성
KRX:094820,일진파워
KRX:089230,THE E&M
KRX:006140,피제이전자
KRX:033130,디지틀조선
KRX:024840,갑을메탈
KRX:216280,원텍
KRX:136510,쎄미시스코
KRX:014970,삼륭물산
KRX:014580,백광소재
KRX:184230,SGA솔루션즈
KRX:046310,백금T&A
KRX:009070,KCTC
KRX:001080,만호제강
KRX:123700,SJM
KRX:017550,수산중공업
KRX:052220,iMBC
KRX:027740,마니커
KRX:217620,디딤
KRX:033790,스카이문스테크놀로지
KRX:120240,대정화금
KRX:032940,원익
KRX:067900,와이엔텍
KRX:083660,CSA 코스믹
KRX:089010,켐트로닉스
KRX:068940,아이씨케이
KRX:041930,동아화성
KRX:114630,우노앤컴퍼니
KRX:078935,GS우
KRX:006340,대원전선
KRX:122690,서진오토모티브
KRX:065710,서호전기
KRX:187870,디바이스이엔지
KRX:208140,정다운
KRX:033540,파라텍
KRX:217950,바이오씨앤디
KRX:269620,시스웍
KRX:033200,모아텍
KRX:131180,딜리
KRX:039420,케이엘넷
KRX:000157,두산2우B
KRX:024880,케이피에프
KRX:064480,브리지텍
KRX:056700,신화인터텍
KRX:015590,대경기계
KRX:025820,이구산업
KRX:021040,대호피앤씨
KRX:246690,티에스인베스트먼트
KRX:008870,금비
KRX:229000,젠큐릭스
KRX:066670,디스플레이텍
KRX:050540,한국코퍼레이션
KRX:064820,케이프
KRX:101390,아이엠
KRX:092460,한라IMS
KRX:025530,SJM홀딩스
KRX:085670,뉴프렉스
KRX:036640,HRS
KRX:066110,한프
KRX:053260,금강철강
KRX:010040,한국내화
KRX:047560,이스트소프트
KRX:006920,모헨즈
KRX:123040,엠에스오토텍
KRX:016670,포비스티앤씨
KRX:025550,한국선재
KRX:045510,정원엔시스
KRX:001275,부국증권우
KRX:208710,바이오로그디바이스
KRX:093520,매커스
KRX:149980,하이로닉
KRX:014190,원익큐브
KRX:150440,피노텍
KRX:081580,성우전자
KRX:052300,W홀딩컴퍼니
KRX:089850,유비벨록스
KRX:091590,남화토건
KRX:002140,고려산업
KRX:006880,신송홀딩스
KRX:014990,인디에프
KRX:064290,인텍플러스
KRX:214610,미코나노바이오시스
KRX:142210,유니트론텍
KRX:138610,나이벡
KRX:119850,지엔씨에너지
KRX:001020,페이퍼코리아
KRX:035480,마제스타
KRX:189980,흥국에프엔비
KRX:046970,우리로
KRX:093320,케이아이엔엑스
KRX:066900,디에이피
KRX:190510,나무가
KRX:011330,유니켐
KRX:002760,보락
KRX:127120,디엔에이링크
KRX:011500,한농화성
KRX:017480,삼현철강
KRX:088790,진도
KRX:00499K,롯데지주우
KRX:091340,S&K폴리텍
KRX:001000,신라섬유
KRX:159910,스킨앤스킨
KRX:222980,한국맥널티
KRX:065170,넥스트BT
KRX:196450,텔루스
KRX:900090,차이나하오란
KRX:138070,신진에스엠
KRX:099660,한솔신텍
KRX:032540,TJ미디어
KRX:004100,태양금속
KRX:263540,샘코
KRX:030350,드래곤플라이
KRX:051780,큐로홀딩스
KRX:051490,나라엠앤디
KRX:000300,대유플러스
KRX:114450,KPX생명과학
KRX:221980,케이디켐
KRX:006740,영풍제지
KRX:096300,베트남개발1
KRX:176750,듀켐바이오
KRX:133820,화인베스틸
KRX:019540,일지테크
KRX:033830,티비씨
KRX:037440,희림
KRX:012280,영화금속
KRX:044480,유니더스
KRX:004090,한국석유
KRX:078860,아이오케이
KRX:037330,인지디스플레
KRX:012860,서연전자
KRX:054340,엔알케이
KRX:141020,포티스
KRX:043590,크로바하이텍
KRX:094360,칩스앤미디어
KRX:119650,KC코트렐
KRX:036260,이매진아시아
KRX:101140,아티스
KRX:101240,씨큐브
KRX:263800,데이타솔루션
KRX:001810,무림SP
KRX:044180,KD건설
KRX:002200,수출포장
KRX:052670,제일바이오
KRX:025950,동신건설
KRX:159580,제로투세븐
KRX:131090,시큐브
KRX:083550,케이엠
KRX:197210,리드
KRX:900070,글로벌에스엠
KRX:050090,휘닉스소재
KRX:050960,수산아이앤티
KRX:090410,덕신하우징
KRX:080470,성창오토텍
KRX:195440,퓨전데이타
KRX:076080,웰크론한텍
KRX:024910,경창산업
KRX:044960,이-글 벳
KRX:000040,KR모터스
KRX:043220,에이치엘비파워
KRX:256940,케이피에스
KRX:066130,하츠
KRX:032980,바이온
KRX:101400,엔시트론
KRX:039790,위노바
KRX:066590,우수AMS
KRX:203400,에이비온
KRX:000910,유니온
KRX:154040,솔루에타
KRX:170030,현대공업
KRX:007610,선도전기
KRX:263860,지니언스
KRX:104040,대성파인텍
KRX:017250,인터엠
KRX:001260,남광토건
KRX:136660,큐엠씨
KRX:009460,한창제지
KRX:095190,이엠코리아
KRX:049830,승일
KRX:001550,조비
KRX:143540,영우디에스피
KRX:094840,슈프리마에이치큐
KRX:010100,한국프랜지
KRX:177830,파버나인
KRX:206400,엔터메이트
KRX:019990,에너토크
KRX:024070,WISCOM
KRX:094190,이엘케이
KRX:214310,세미콘라이트
KRX:017000,신원종합개발
KRX:045060,오공
KRX:097870,효성오앤비
KRX:005110,한창
KRX:004830,덕성
KRX:013810,스페코
KRX:133750,메가엠디
KRX:208860,엔지스테크널러지
KRX:031860,엔에스엔
KRX:099220,SDN
KRX:018620,우진비앤지
KRX:023350,한국종합기술
KRX:205470,휴마시스
KRX:054090,삼진엘앤디
KRX:054630,에이디칩스
KRX:001620,동국실업
KRX:028080,휴맥스홀딩스
KRX:046390,삼화네트웍스
KRX:032750,삼진
KRX:001560,제일연마
KRX:043910,자연과환경
KRX:007120,미래아이앤지
KRX:243870,굿센
KRX:215480,토박스코리아
KRX:082850,우리이티아이
KRX:108675,LG하우시스우
KRX:900180,완리
KRX:072130,유엔젤
KRX:008420,문배철강
KRX:053290,NE능률
KRX:224110,에이텍티앤
KRX:042500,링네트
KRX:096040,이트론
KRX:021880,메이슨캐피탈
KRX:010470,오리콤
KRX:219420,링크제니시스
KRX:019010,그랜드백화점
KRX:007370,진양제약
KRX:030270,에스마크
KRX:013360,일성건설
KRX:131760,파인텍
KRX:148140,비디아이
KRX:024830,세원물산
KRX:213090,미래테크놀로지
KRX:090850,이지웰페어
KRX:037230,한국팩키지
KRX:191600,티케이씨
KRX:106520,디지탈옵틱
KRX:039310,세중
KRX:101170,우림기계
KRX:026940,부국철강
KRX:033340,좋은사람들
KRX:115500,케이씨에스
KRX:005360,모나미
KRX:046940,우원개발
KRX:054220,비츠로시스
KRX:037760,쎄니트
KRX:002220,한일철강
KRX:032680,소프트센
KRX:021050,서원
KRX:237750,피앤씨테크
KRX:226350,아이엠텍
KRX:062860,티엘아이
KRX:038950,파인디지털
KRX:010280,쌍용정보통신
KRX:085910,네오티스
KRX:059100,아이컴포넌트
KRX:014130,한익스프레스
KRX:092780,동양피스톤
KRX:052900,KMH하이텍
KRX:010600,와이비로드
KRX:090080,평화산업
KRX:050860,아세아텍
KRX:198440,고려시멘트
KRX:126880,제이엔케이히터
KRX:004590,한국가구
KRX:210120,빅텐츠
KRX:012340,뉴인텍
KRX:153490,우리이앤엘
KRX:051170,썬코어
KRX:060900,퍼시픽바이오
KRX:215100,로보로보
KRX:054540,삼영엠텍
KRX:148250,알엔투테크놀로지
KRX:071850,캐스텍코리아
KRX:039230,폭스브레인
KRX:003465,유화증권우
KRX:038620,위즈코프
KRX:006890,태경화학
KRX:072520,태양씨앤엘
KRX:053160,프리엠스
KRX:096610,알에프세미
KRX:066310,큐에스아이
KRX:020180,대신정보통신
KRX:182360,큐브엔터
KRX:009730,코센
KRX:039670,스포츠서울
KRX:045890,DB라이텍
KRX:002070,남영비비안
KRX:109860,동일금속
KRX:218150,미래생명자원
KRX:102210,해덕파워웨이
KRX:005820,원림
KRX:187270,신화콘텍
KRX:121850,코이즈
KRX:128660,피제이메탈
KRX:233250,메디안디노스틱
KRX:158310,인터불스
KRX:039240,경남스틸
KRX:010770,평화홀딩스
KRX:086670,비엠티
KRX:067920,이글루시큐리티
KRX:044060,조광ILI
KRX:052460,아이크래프트
KRX:053050,지에스이
KRX:216400,바이오코아
KRX:060230,이그잭스
KRX:032820,우리기술
KRX:066410,투윈글로벌
KRX:027580,상보
KRX:066790,씨씨에스
KRX:000520,삼일제약
KRX:000760,이화산업
KRX:018700,바른손
KRX:001210,금호전기
KRX:002690,동일제강
KRX:900110,이스트아시아홀딩스
KRX:150840,인트로메딕
KRX:215380,우정비에스씨
KRX:023460,CNH
KRX:089890,고려반도체
KRX:083500,에프엔에스테크
KRX:060540,에스에이티
KRX:092300,현우산업
KRX:263920,에스엔피월드
KRX:250060,모비스
KRX:214330,금호에이치티
KRX:119500,포메탈
KRX:089150,케이씨티
KRX:008370,원풍
KRX:200470,하이셈
KRX:191410,육일씨엔에쓰
KRX:053660,현진소재
KRX:232680,라온테크
KRX:048470,대동스틸
KRX:010660,화천기계
KRX:052190,이에스에이
KRX:084180,수성
KRX:060260,뉴보텍
KRX:063440,에프엔씨애드컬쳐
KRX:075130,플랜티넷
KRX:057030,와이비엠넷
KRX:226360,이엑스티
KRX:234070,에이원알폼
KRX:039020,이건홀딩스
KRX:126640,화신정공
KRX:123570,이엠넷
KRX:028040,미래SCI
KRX:004140,동방
KRX:171010,램테크놀러지
KRX:017650,대림제지
KRX:011080,형지I&C
KRX:033430,디에스티
KRX:174880,장원테크
KRX:219750,지티지웰니스
KRX:024900,덕양산업
KRX:176440,에이치엔티
KRX:023150,MH에탄올
KRX:260870,시그넷이브이
KRX:178780,유테크
KRX:031310,아이즈비전
KRX:093230,이아이디
KRX:078650,코렌
KRX:258610,이더블유케이
KRX:071090,하이스틸
KRX:105550,트루윈
KRX:023810,인팩
KRX:013700,까뮤이앤씨
KRX:065690,대진디엠피
KRX:212560,네오오토
KRX:123750,알톤스포츠
KRX:203450,유니온커뮤니티
KRX:238120,로고스바이오
KRX:220180,핸디소프트
KRX:072990,에이치시티
KRX:051390,YW
KRX:054940,엑사이엔씨
KRX:252500,세화피앤씨
KRX:054920,한컴시큐어
KRX:079000,와토스코리아
KRX:003010,혜인
KRX:065420,에스아이리소스
KRX:010240,흥국
KRX:038110,에코플라스틱
KRX:041020,인프라웨어
KRX:155900,바다로19호
KRX:005305,롯데칠성우
KRX:250300,제이에스피브이
KRX:002410,범양건영
KRX:150900,파수닷컴
KRX:145270,케이탑리츠
KRX:134580,디엠티
KRX:015260,에이엔피
KRX:012620,원일특강
KRX:124500,아이티센
KRX:008800,행남자기
KRX:075970,동국알앤에스
KRX:013000,세우글로벌
KRX:000105,유한양행우
KRX:226400,오스테오닉
KRX:070300,한솔시큐어
KRX:035460,기산텔레콤
KRX:024740,한일단조
KRX:008470,부스타
KRX:081150,티플랙스
KRX:020120,다우인큐브
KRX:006580,대양제지
KRX:115480,씨유메디칼
KRX:206950,볼빅
KRX:068050,팬엔터테인먼트
KRX:154030,아시아종묘
KRX:002710,TCC동양
KRX:049720,고려신용정보
KRX:005320,국동
KRX:032080,아즈텍WB
KRX:007770,한일화학
KRX:008110,대동전자
KRX:019770,서연탑메탈
KRX:086060,진바이오텍
KRX:052600,한네트
KRX:037400,우리조명
KRX:042940,포워드컴퍼니스
KRX:017680,데코앤이
KRX:024060,흥구석유
KRX:038340,UCI
KRX:014910,성문전자
KRX:023960,에쓰씨엔지니어링
KRX:101930,인화정공
KRX:192390,윈하이텍
KRX:226610,한국비엔씨
KRX:170790,파이오링크
KRX:187790,나노
KRX:073570,에이티테크놀러지
KRX:065440,이루온
KRX:053270,구영테크
KRX:054180,중앙오션
KRX:069330,유아이디
KRX:044990,에이치엔에스하이텍
KRX:071950,코아스
KRX:100660,서암기계공업
KRX:032580,피델릭스
KRX:106080,알비케이이엠디
KRX:115440,우리넷
KRX:036480,대성미생물
KRX:026260,카테아
KRX:006050,국영지앤엠
KRX:098120,마이크로컨텍솔
KRX:014940,오리엔탈정공
KRX:097800,윈팩
KRX:130500,GH신소재
KRX:069540,라이트론
KRX:219130,타이거일렉
KRX:026150,특수건설
KRX:181340,이즈미디어
KRX:189690,포시에스
KRX:033310,디케이디앤아이
KRX:056000,신스타임즈
KRX:127160,매직마이크로
KRX:002680,한탑
KRX:039610,화성밸브
KRX:049550,잉크테크
KRX:082800,루미마이크로
KRX:180060,탑선
KRX:008775,호텔신라우
KRX:104460,동양피엔에프
KRX:005670,푸드웰
KRX:099830,씨그널엔터테인먼트그룹
KRX:030720,동원수산
KRX:065500,오리엔트정공
KRX:019590,엠벤처투자
KRX:009190,대양금속
KRX:08537M,루트로닉3우C
KRX:007280,한국특수형강
KRX:031820,콤텍시스템
KRX:072770,네오디안테크놀로지
KRX:131400,액트
KRX:048830,엔피케이
KRX:003720,삼영화학
KRX:178600,대동고려삼
KRX:035200,프럼파스트
KRX:114190,웰크론강원
KRX:079810,디이엔티
KRX:003780,진양산업
KRX:123260,사파이어테크놀로지
KRX:089530,에이티세미콘
KRX:006200,한국전자홀딩스
KRX:094940,푸른기술
KRX:100030,모바일리더
KRX:109080,옵티시스
KRX:002355,넥센타이어1우B
KRX:229480,줌인터넷
KRX:105740,디케이락
KRX:090740,연이정보통신
KRX:131220,대한과학
KRX:003925,남양유업우
KRX:011300,성안
KRX:045300,성우테크론
KRX:141070,맥스로텍
KRX:194610,우성아이비
KRX:115610,이미지스
KRX:253840,수젠텍
KRX:242350,피엔아이시스템
KRX:109820,진매트릭스
KRX:237720,케이엠제약
KRX:025880,케이씨피드
KRX:113810,디젠스
KRX:032860,GMR 머티리얼즈
KRX:002290,삼일기업공사
KRX:050320,에스아이티글로벌
KRX:009810,엔케이물산
KRX:236030,씨알푸드
KRX:054930,유신
KRX:005450,신한
KRX:065770,CS
KRX:003680,한성기업
KRX:073540,에프알텍
KRX:000440,중앙에너비스
KRX:072950,빛샘전자
KRX:006110,삼아알미늄
KRX:015020,이스타코
KRX:033050,제이엠아이
KRX:099340,하나니켈1호
KRX:027970,세하
KRX:036620,버추얼텍
KRX:189860,서전기전
KRX:067010,이씨에스
KRX:284420,휴럼
KRX:256090,패션플랫폼
KRX:066430,와이오엠
KRX:044380,주연테크
KRX:115570,스타플렉스
KRX:246250,에스엘에스바이오
KRX:067730,로지시스
KRX:060480,국일신동
KRX:009180,한솔로지스틱스
KRX:016920,카스
KRX:032280,삼일
KRX:054300,팬스타엔터프라이즈
KRX:105330,케이엔더블유
KRX:038010,제일테크노스
KRX:222810,닉스테크
KRX:153460,네이블
KRX:033600,이젠텍
KRX:242420,본느
KRX:001465,BYC우
KRX:079170,한창산업
KRX:155960,지디
KRX:087730,네패스신소재
KRX:069460,대호에이엘
KRX:078350,한양디지텍
KRX:039740,한국정보공학
KRX:000950,전방
KRX:004920,씨아이테크
KRX:003475,유안타증권우
KRX:200580,메디쎄이
KRX:058420,제이웨이
KRX:196700,웹스
KRX:032040,C&S자산관리
KRX:093380,풍강
KRX:009140,경인전자
KRX:058530,크레아플래닛
KRX:077280,한컴지엠디
KRX:050760,에스폴리텍
KRX:277880,티에스아이
KRX:093640,다믈멀티미디어
KRX:011390,부산산업
KRX:054410,케이피티
KRX:221610,한솔씨앤피
KRX:082660,삼우엠스
KRX:051160,지어소프트
KRX:019180,티에이치엔
KRX:051380,피씨디렉트
KRX:145210,세화아이엠씨
KRX:101670,코리아에스이
KRX:205290,케미메디
KRX:060380,동양에스텍
KRX:005030,부산주공
KRX:083470,KJ프리텍
KRX:002025,코오롱우
KRX:172580,하이골드12호
KRX:057880,토필드
KRX:204210,모두투어리츠
KRX:234100,세원
KRX:094860,코닉글로리
KRX:002420,세기상사
KRX:189330,씨이랩
KRX:140890,트러스제7호
KRX:217880,틸론
KRX:010420,한솔PNS
KRX:010580,지코
KRX:122800,썬텍
KRX:202960,판도라티비
KRX:228180,티씨엠생명과학
KRX:078940,일경산업개발
KRX:138360,에이씨티
KRX:008500,일정실업
KRX:043260,성호전자
KRX:070590,한솔인티큐브
KRX:044780,에이치케이
KRX:045340,토탈소프트
KRX:023440,제일제강
KRX:015540,메디플란트
KRX:217190,제너셈
KRX:024850,피에스엠씨
KRX:043360,디지아이
KRX:182690,테라셈
KRX:004365,세방우
KRX:134060,이퓨쳐
KRX:002870,신풍제지
KRX:073010,케이에스피
KRX:230980,솔트웍스
KRX:109070,KGP
KRX:023790,동일철강
KRX:279600,미디어젠
KRX:126340,비나텍
KRX:051630,진양화학
KRX:153360,하이골드3호
KRX:078590,두올산업
KRX:232270,케이비제9호스팩
KRX:066830,제노텍
KRX:024940,PN풍년
KRX:058110,멕아이씨에스
KRX:073640,삼원테크
KRX:029480,바른테크놀로지
KRX:119830,아이텍반도체
KRX:281310,바이오시네틱스
KRX:001420,태원물산
KRX:267060,명진홀딩스
KRX:058450,일야
KRX:012600,청호컴넷
KRX:285770,라이프사이언스테크놀로지
KRX:086220,네추럴FNP
KRX:236340,메디젠휴먼케어
KRX:088290,이원컴포텍
KRX:080580,오킨스전자
KRX:025890,한국주강
KRX:183350,엘피케이
KRX:099410,동방선기
KRX:130740,티피씨글로벌
KRX:167380,나무기술
KRX:038530,골드퍼시픽
KRX:090150,광진윈텍
KRX:076340,관악산업
KRX:073190,디비케이
KRX:221800,유투바이오
KRX:215050,비엔디생활건강
KRX:270660,에브리봇
KRX:121890,에스디시스템
KRX:011230,삼화전자
KRX:221670,주노콜렉션
KRX:284610,탈모닷컴
KRX:021650,한국큐빅
KRX:251280,안지오랩
KRX:232530,이엠티
KRX:033250,체시스
KRX:098660,에스티오
KRX:139670,넥스트리밍
KRX:149010,아이케이세미콘
KRX:019570,제미니투자
KRX:023770,플레이위드
KRX:096870,엘디티
KRX:025870,신라에스지
KRX:067770,세진티에스
KRX:069140,누리플랜
KRX:224760,엔에스컴퍼니
KRX:009620,삼보산업
KRX:240340,인터코스
KRX:096350,대창솔루션
KRX:005257,녹십자홀딩스2우
KRX:019490,하이트론
KRX:224880,SGA임베디드
KRX:258540,스템랩
KRX:131100,리켐
KRX:013720,청보산업
KRX:064850,에프앤가이드
KRX:062580,인산가
KRX:091440,텔레필드
KRX:004135,대덕GDS우
KRX:026910,광진실업
KRX:107640,한중엔시에스
KRX:186230,그린플러스
KRX:080440,에스제이케이
KRX:007530,영신금속
KRX:238500,로보쓰리
KRX:225220,제놀루션
KRX:001770,신화실업
KRX:222390,케이비제8호스팩
KRX:000087,하이트진로2우B
KRX:115530,씨엔플러스
KRX:226850,키움스팩4호
KRX:212310,휴벡셀
KRX:089790,제이티
KRX:103230,에스앤더블류
KRX:099520,ITX엠투엠
KRX:008830,대동기어
KRX:053060,세동
KRX:087220,스틸플라워
KRX:123010,옵토팩
KRX:020400,대동금속
KRX:239890,피엔에이치테크
KRX:140290,청광종건
KRX:258250,피시피아비아이티
KRX:138290,지성이씨에스
KRX:005725,넥센우
KRX:145995,삼양사우
KRX:009835,한화케미칼우
KRX:101680,한국정밀기계
KRX:225850,미애부
KRX:047440,레이젠
KRX:116100,태양기계
KRX:080530,코디
KRX:001685,대상우
KRX:140910,에이리츠
KRX:266870,플렉스파워에이더블유에스
KRX:135160,지오씨
KRX:000075,삼양홀딩스우
KRX:217320,썬테크
KRX:003495,대한항공우
KRX:051980,넥스트바이오홀딩스
KRX:215570,크로넥스
KRX:222160,바이옵트로
KRX:224810,엄지하우스
KRX:010640,진양폴리
KRX:112190,KC산업
KRX:230240,하나금융7호스팩
KRX:001140,국보
KRX:245450,씨앤에스링크
KRX:159650,하이골드8호
KRX:114920,대주이엔티
KRX:273060,엔에이치스팩12호
KRX:251960,엠에프엠코리아
KRX:227950,골든브릿지제4호스팩
KRX:007815,코리아써우
KRX:197140,디지캡
KRX:251540,에스와이제이
KRX:252370,유쎌
KRX:271850,다이오진
KRX:001515,SK증권우
KRX:219860,한화에이스스팩2호
KRX:242040,교보비엔케이스팩
KRX:221950,케이비드림3호스팩
KRX:256840,엔에이치스팩11호
KRX:256630,엔에이치스팩10호
KRX:004255,NPC우
KRX:086250,화신테크
KRX:260970,에스앤디
KRX:221200,유진스팩3호
KRX:120780,전우정밀
KRX:218710,키움스팩3호
KRX:002005,한국유리우
KRX:009415,태영건설우
KRX:219960,유안타제2호스팩
KRX:226340,에이치엠씨3호스팩
KRX:230400,자비스
KRX:058970,엠로
KRX:199290,바이오프로테크
KRX:223220,구름게임즈앤컴퍼니
KRX:215750,미래에셋제3호스팩
KRX:245030,스페이스솔루션
KRX:278990,에프엠에스
KRX:173130,오파스넷
KRX:241510,이에스산업
KRX:277480,신한제4호스팩
KRX:225860,엠앤씨생명과학
KRX:004415,서울식품우
KRX:103660,씨앗
KRX:004105,태양금속우
KRX:007575,일양약품우
KRX:003535,한화투자증권우
KRX:270210,에스알바이오텍
KRX:086460,에스엔피제네틱스
KRX:200350,래몽래인
KRX:215090,유진에이씨피씨스팩2호
KRX:148780,비플라이소프트
KRX:223040,교보5호스팩
KRX:240540,한국4호스팩
KRX:222670,플럼라인생명과학
KRX:019175,신풍제약우
KRX:211050,인카금융서비스
KRX:230490,동부제4호스팩
KRX:000885,한화우
KRX:250930,케이비제10호스팩
KRX:225590,신영스팩2호
KRX:121060,유니포인트
KRX:199870,세기리텍
KRX:219580,골든브릿지제3호스팩
KRX:262830,대신밸런스제4호스팩
KRX:235010,하이에이아이1호스팩
KRX:217810,엔에이치스팩7호
KRX:265480,미래에셋대우스팩1호
KRX:217500,하이제3호스팩
KRX:239340,미래에셋제5호스팩
KRX:140660,위월드
KRX:281740,동부스팩5호
KRX:199150,데이터스트림즈
KRX:220110,드림티엔터테인먼트
KRX:270520,하나금융10호스팩
KRX:226440,동부스팩3호
KRX:208850,이비테크
KRX:001795,대한제당우
KRX:254120,IBKS제5호스팩
KRX:270020,두원석재
KRX:225430,IBKS제3호스팩
KRX:281410,한국제6호스팩
KRX:265920,한화수성스팩
KRX:266170,뿌리깊은나무들
KRX:264850,IBKS제6호스팩
KRX:261200,하나금융9호스팩
KRX:225440,이베스트스팩3호
KRX:005745,크라운해태홀딩스우
KRX:267320,교보7호스팩
KRX:083380,동북아13호
KRX:271740,한국제5호스팩
KRX:083370,동북아12호
KRX:099350,하나니켈2호
KRX:247300,인프라웨어테크놀러지
KRX:000225,유유제약1우
KRX:158300,에스에이티이엔지
KRX:26490K,크라운제과우
KRX:276920,IBKS제7호스팩
KRX:232330,SK3호스팩
KRX:257730,신한제3호스팩
KRX:014825,동원시스템즈우
KRX:279410,한화에이스스팩4호
KRX:18064K,한진칼우
KRX:235090,씨케이컴퍼니
KRX:002995,금호산업우
KRX:244880,나눔테크
KRX:258790,케이비제11호스팩
KRX:084695,대상홀딩스우
KRX:264290,한화에이스스팩3호
KRX:001745,SK네트웍스우
KRX:006345,대원전선우
KRX:004545,깨끗한나라우
KRX:001525,동양우
KRX:021045,대호피앤씨우
KRX:162120,루켄테크놀러지스
KRX:263770,신영스팩3호
KRX:084440,유비온
KRX:003075,코오롱글로벌우
KRX:092590,럭스피아
KRX:011155,CJ씨푸드1우
KRX:012205,계양전기우
KRX:232830,시큐센
KRX:185190,수프로
KRX:004565,현대비앤지스틸우
KRX:009275,신원우
KRX:003415,쌍용양회우
KRX:246830,시냅스엠
KRX:189540,씨티네트웍스
KRX:101360,이엔드디
KRX:210610,소프트캠프
KRX:277410,IBKS제8호스팩
KRX:014915,성문전자우
KRX:000725,현대건설우
KRX:001755,한양증권우
KRX:000145,하이트진로홀딩스우
KRX:189350,코셋
KRX:010145,삼성중공우
KRX:014285,금강공업우
KRX:001065,JW중외제약우
KRX:00781K,코리아써키트2우B
KRX:016385,동부제철우
KRX:090355,노루페인트우
KRX:000995,DB하이텍1우
KRX:227420,오백볼트
KRX:004835,덕성우
KRX:000545,흥국화재우
KRX:005965,동부건설우
KRX:135270,세종머티리얼즈
KRX:000325,노루홀딩스우
KRX:004985,성신양회우
KRX:001067,JW중외제약2우B
KRX:224020,에스케이씨에스
KRX:179720,옐로페이
KRX:000547,흥국화재2우B
KRX:271400,알로이스
KRX:032685,소프트센우
KRX:001527,동양2우B
KRX:208890,에듀케이션파트너
KRX:000227,유유제약2우B
KRX:001799,대한제당3우B
KRX:013367,일성건설2우B
KRX:008355,남선알미우
KRX:002785,진흥기업우B
KRX:252940,에스엠로보틱스
KRX:267810,앙츠
KRX:272420,극동자동화
KRX:004989,성신양회3우B
KRX:004987,성신양회2우B
KRX:002787,진흥기업2우B
KRX:001529,동양3우B
KRX:183410,데카시스템
KRX:091270,유디피
KRX:242850,영현무역
KRX:110660,세신버팔로
KRX:144740,피엠디아카데미
